{
  "1": "Задание для клетки 1. Здесь будет ваше задание...",
  "2": "Задание для клетки 2. Здесь будет ваше задание...",
  "3": "Задание для клетки 3. Здесь будет ваше задание...",
  "4": "Призовая клетка 4! Здесь вас ждет мини-игра со стаканчиками. Выберите один из трех стаканчиков и получите приз!",
  "5": "Задание для клетки 5. Здесь будет ваше задание...",
  "6": "Задание для клетки 6. Здесь будет ваше задание...",
  "7": "Призовая клетка 7! Здесь вас ждет мини-игра со стаканчиками. Выберите один из трех стаканчиков и получите приз!",
  "8": "Задание для клетки 8. Здесь будет ваше задание...",
  "9": "Задание для клетки 9. Здесь будет ваше задание...",
  "10": "Призовая клетка 10! Здесь вас ждет мини-игра со стаканчиками. Выберите один из трех стаканчиков и получите приз!",
  "11": "Задание для клетки 11. Здесь будет ваше задание...",
  "12": "Задание для клетки 12. Здесь будет ваше задание...",
  "13": "Призовая клетка 13! Здесь вас ждет мини-игра со стаканчиками. Выберите один из трех стаканчиков и получите приз!",
  "14": "Задание для клетки 14. Здесь будет ваше задание...",
  "15": "Задание для клетки 15. Здесь будет ваше задание...",
  "16": "Призовая клетка 16! Здесь вас ждет мини-игра со стаканчиками. Выберите один из трех стаканчиков и получите приз!",
  "17": "Задание для клетки 17. Здесь будет ваше задание...",
  "18": "Задание для клетки 18. Здесь будет ваше задание...",
  "19": "Призовая клетка 19! Здесь вас ждет мини-игра со стаканчиками. Выберите один из трех стаканчиков и получите приз!",
  "20": "Задание для клетки 20. Здесь будет ваше задание...",
  "21": "Задание для клетки 21. Здесь будет ваше задание...",
  "22": "Призовая клетка 22! Здесь вас ждет мини-игра со стаканчиками. Выберите один из трех стаканчиков и получите приз!",
  "23": "Задание для клетки 23. Здесь будет ваше задание...",
  "24": "Задание для клетки 24. Здесь будет ваше задание...",
  "25": "Призовая клетка 25! Здесь вас ждет мини-игра со стаканчиками. Выберите один из трех стаканчиков и получите приз!",
  "26": "Задание для клетки 26. Здесь будет ваше задание...",
  "27": "Задание для клетки 27. Здесь будет ваше задание...",
  "28": "Задание для клетки 28. Здесь будет ваше задание..."
}